ProductKey,ProductAlternateKey,EnglishProductName,UnitPrice,StandardCost,ProductSubcategoryKey,ListPrice,DealerPrice,,,
1,AR-5381,Adjustable Race,,,,,,,ProductKey,int
2,BA-8327,Bearing Ball,,,,,,,ProductAlternateKey,text
3,BE-2349,BB Ball Bearing,,,,,,,EnglishProductName,text
4,BE-2908,Headset Ball Bearings,,,,,,,UnitPrice,"decimal(10,2)"
5,BL-2036,Blade,,,,,,,StandardCost,"decimal(10,2)"
6,CA-5965,LL Crankarm,,,,,,,ProductSubcategoryKey,int
7,CA-6738,ML Crankarm,,,,,,,ListPrice,"decimal(10,2)"
8,CA-7457,HL Crankarm,,,,,,,DealerPrice,"decimal(10,2)"
9,CB-2903,Chainring Bolts,,,,,,,,
10,CN-6137,Chainring Nut,,,,,,,,
11,CR-7833,Chainring,,,,,,,,
12,CR-9981,Crown Race,,,,,,,,
13,CS-2812,Chain Stays,,,,,,,,
14,DC-8732,Decal 1,,,,,,,,
15,DC-9824,Decal 2,,,,,,,,
16,DT-2377,Down Tube,,,,,,,,
17,EC-M092,Mountain End Caps,,,,,,,,
18,EC-R098,Road End Caps,,,,,,,,
19,EC-T209,Touring End Caps,,,,,,,,
20,FE-3760,Fork End,,,,,,,,
21,FH-2981,Freewheel,,,,,,,,
22,FW-1000,Flat Washer 1,,,,,,,,
23,FW-1200,Flat Washer 6,,,,,,,,
24,FW-1400,Flat Washer 2,,,,,,,,
25,FW-3400,Flat Washer 9,,,,,,,,
26,FW-3800,Flat Washer 4,,,,,,,,
27,FW-5160,Flat Washer 3,,,,,,,,
28,FW-5800,Flat Washer 8,,,,,,,,
29,FW-7160,Flat Washer 5,,,,,,,,
30,FW-9160,Flat Washer 7,,,,,,,,
31,FC-3654,Fork Crown,,,,,,,,
32,FC-3982,Front Derailleur Cage,,,,,,,,
33,FL-2301,Front Derailleur Linkage,,,,,,,,
34,GP-0982,Guide Pulley,,,,,,,,
35,GT-0820,LL Grip Tape,,,,,,,,
36,GT-1209,ML Grip Tape,,,,,,,,
37,GT-2908,HL Grip Tape,,,,,,,,
38,HJ-1213,Thin-Jam Hex Nut 9,,,,,,,,
39,HJ-1220,Thin-Jam Hex Nut 10,,,,,,,,
40,HJ-1420,Thin-Jam Hex Nut 1,,,,,,,,
41,HJ-1428,Thin-Jam Hex Nut 2,,,,,,,,
42,HJ-3410,Thin-Jam Hex Nut 15,,,,,,,,
43,HJ-3416,Thin-Jam Hex Nut 16,,,,,,,,
44,HJ-3816,Thin-Jam Hex Nut 5,,,,,,,,
45,HJ-3824,Thin-Jam Hex Nut 6,,,,,,,,
46,HJ-5161,Thin-Jam Hex Nut 3,,,,,,,,
47,HJ-5162,Thin-Jam Hex Nut 4,,,,,,,,
48,HJ-5811,Thin-Jam Hex Nut 13,,,,,,,,
49,HJ-5818,Thin-Jam Hex Nut 14,,,,,,,,
50,HJ-7161,Thin-Jam Hex Nut 7,,,,,,,,
51,HJ-7162,Thin-Jam Hex Nut 8,,,,,,,,
52,HJ-9080,Thin-Jam Hex Nut 12,,,,,,,,
53,HJ-9161,Thin-Jam Hex Nut 11,,,,,,,,
54,HN-1024,Hex Nut 5,,,,,,,,
55,HN-1032,Hex Nut 6,,,,,,,,
56,HN-1213,Hex Nut 16,,,,,,,,
57,HN-1220,Hex Nut 17,,,,,,,,
58,HN-1224,Hex Nut 7,,,,,,,,
59,HN-1420,Hex Nut 8,,,,,,,,
60,HN-1428,Hex Nut 9,,,,,,,,
61,HN-3410,Hex Nut 22,,,,,,,,
62,HN-3416,Hex Nut 23,,,,,,,,
63,HN-3816,Hex Nut 12,,,,,,,,
64,HN-3824,Hex Nut 13,,,,,,,,
65,HN-4402,Hex Nut 1,,,,,,,,
66,HN-5161,Hex Nut 10,,,,,,,,
67,HN-5162,Hex Nut 11,,,,,,,,
68,HN-5400,Hex Nut 2,,,,,,,,
69,HN-5811,Hex Nut 20,,,,,,,,
70,HN-5818,Hex Nut 21,,,,,,,,
71,HN-6320,Hex Nut 3,,,,,,,,
72,HN-7161,Hex Nut 14,,,,,,,,
73,HN-7162,Hex Nut 15,,,,,,,,
74,HN-8320,Hex Nut 4,,,,,,,,
75,HN-9161,Hex Nut 18,,,,,,,,
76,HN-9168,Hex Nut 19,,,,,,,,
77,HT-2981,Handlebar Tube,,,,,,,,
78,HT-8019,Head Tube,,,,,,,,
79,HU-6280,LL Hub,,,,,,,,
80,HU-8998,HL Hub,,,,,,,,
81,KW-4091,Keyed Washer,,,,,,,,
82,LE-1000,External Lock Washer 3,,,,,,,,
83,LE-1200,External Lock Washer 4,,,,,,,,
84,LE-1201,External Lock Washer 9,,,,,,,,
85,LE-1400,External Lock Washer 5,,,,,,,,
86,LE-3800,External Lock Washer 7,,,,,,,,
87,LE-5160,External Lock Washer 6,,,,,,,,
88,LE-6000,External Lock Washer 1,,,,,,,,
89,LE-7160,External Lock Washer 8,,,,,,,,
90,LE-8000,External Lock Washer 2,,,,,,,,
91,LI-1000,Internal Lock Washer 3,,,,,,,,
92,LI-1200,Internal Lock Washer 4,,,,,,,,
93,LI-1201,Internal Lock Washer 9,,,,,,,,
94,LI-1400,Internal Lock Washer 5,,,,,,,,
95,LI-3800,Internal Lock Washer 7,,,,,,,,
96,LI-5160,Internal Lock Washer 6,,,,,,,,
97,LI-5800,Internal Lock Washer 10,,,,,,,,
98,LI-6000,Internal Lock Washer 1,,,,,,,,
99,LI-7160,Internal Lock Washer 8,,,,,,,,
100,LI-8000,Internal Lock Washer 2,,,,,,,,
101,LJ-1213,Thin-Jam Lock Nut 9,,,,,,,,
102,LJ-1220,Thin-Jam Lock Nut 10,,,,,,,,
103,LJ-1420,Thin-Jam Lock Nut 1,,,,,,,,
104,LJ-1428,Thin-Jam Lock Nut 2,,,,,,,,
105,LJ-3410,Thin-Jam Lock Nut 15,,,,,,,,
106,LJ-3416,Thin-Jam Lock Nut 16,,,,,,,,
107,LJ-3816,Thin-Jam Lock Nut 5,,,,,,,,
108,LJ-3824,Thin-Jam Lock Nut 6,,,,,,,,
109,LJ-5161,Thin-Jam Lock Nut 3,,,,,,,,
110,LJ-5162,Thin-Jam Lock Nut 4,,,,,,,,
111,LJ-5811,Thin-Jam Lock Nut 13,,,,,,,,
112,LJ-5818,Thin-Jam Lock Nut 14,,,,,,,,
113,LJ-7161,Thin-Jam Lock Nut 7,,,,,,,,
114,LJ-7162,Thin-Jam Lock Nut 8,,,,,,,,
115,LJ-9080,Thin-Jam Lock Nut 12,,,,,,,,
116,LJ-9161,Thin-Jam Lock Nut 11,,,,,,,,
117,LN-1024,Lock Nut 5,,,,,,,,
118,LN-1032,Lock Nut 6,,,,,,,,
119,LN-1213,Lock Nut 16,,,,,,,,
120,LN-1220,Lock Nut 17,,,,,,,,
121,LN-1224,Lock Nut 7,,,,,,,,
122,LN-1420,Lock Nut 8,,,,,,,,
123,LN-1428,Lock Nut 9,,,,,,,,
124,LN-3410,Lock Nut 22,,,,,,,,
125,LN-3416,Lock Nut 23,,,,,,,,
126,LN-3816,Lock Nut 12,,,,,,,,
127,LN-3824,Lock Nut 13,,,,,,,,
128,LN-4400,Lock Nut 1,,,,,,,,
129,LN-5161,Lock Nut 10,,,,,,,,
130,LN-5162,Lock Nut 11,,,,,,,,
131,LN-5400,Lock Nut 2,,,,,,,,
132,LN-5811,Lock Nut 20,,,,,,,,
133,LN-5818,Lock Nut 21,,,,,,,,
134,LN-6320,Lock Nut 3,,,,,,,,
135,LN-7161,Lock Nut 14,,,,,,,,
136,LN-7162,Lock Nut 15,,,,,,,,
137,LN-8320,Lock Nut 4,,,,,,,,
138,LN-9080,Lock Nut 19,,,,,,,,
139,LN-9161,Lock Nut 18,,,,,,,,
140,LR-2398,Lock Ring,,,,,,,,
141,LR-8520,Lower Head Race,,,,,,,,
142,LW-1000,Lock Washer 4,,,,,,,,
143,LW-1200,Lock Washer 5,,,,,,,,
144,LW-1201,Lock Washer 10,,,,,,,,
145,LW-1400,Lock Washer 6,,,,,,,,
146,LW-3400,Lock Washer 13,,,,,,,,
147,LW-3800,Lock Washer 8,,,,,,,,
148,LW-4000,Lock Washer 1,,,,,,,,
149,LW-5160,Lock Washer 7,,,,,,,,
150,LW-5800,Lock Washer 12,,,,,,,,
151,LW-6000,Lock Washer 2,,,,,,,,
152,LW-7160,Lock Washer 9,,,,,,,,
153,LW-8000,Lock Washer 3,,,,,,,,
154,LW-9160,Lock Washer 11,,,,,,,,
155,MA-7075,Metal Angle,,,,,,,,
156,MB-2024,Metal Bar 1,,,,,,,,
157,MB-6061,Metal Bar 2,,,,,,,,
158,MP-2066,Metal Plate 2,,,,,,,,
159,MP-2503,Metal Plate 1,,,,,,,,
160,MP-4960,Metal Plate 3,,,,,,,,
161,MS-0253,Metal Sheet 2,,,,,,,,
162,MS-1256,Metal Sheet 3,,,,,,,,
163,MS-1981,Metal Sheet 7,,,,,,,,
164,MS-2259,Metal Sheet 4,,,,,,,,
165,MS-2341,Metal Sheet 5,,,,,,,,
166,MS-2348,Metal Sheet 6,,,,,,,,
167,MS-6061,Metal Sheet 1,,,,,,,,
168,MT-1000,Metal Tread Plate,,,,,,,,
169,NI-4127,LL Nipple,,,,,,,,
170,NI-9522,HL Nipple,,,,,,,,
171,PA-187B,Paint - Black,,,,,,,,
172,PA-361R,Paint - Red,,,,,,,,
173,PA-529S,Paint - Silver,,,,,,,,
174,PA-632U,Paint - Blue,,,,,,,,
175,PA-823Y,Paint - Yellow,,,,,,,,
176,PB-6109,Pinch Bolt,,,,,,,,
177,RA-2345,Cup-Shaped Race,,,,,,,,
178,RA-7490,Cone-Shaped Race,,,,,,,,
179,RF-9198,Reflector,,,,,,,,
180,RM-M464,LL Mountain Rim,,,,,,,,
181,RM-M692,ML Mountain Rim,,,,,,,,
182,RM-M823,HL Mountain Rim,,,,,,,,
183,RM-R436,LL Road Rim,,,,,,,,
184,RM-R600,ML Road Rim,,,,,,,,
185,RM-R800,HL Road Rim,,,,,,,,
186,RM-T801,Touring Rim,,,,,,,,
187,SA-M198,LL Mountain Seat Assembly,,,,,,,,
188,SA-M237,ML Mountain Seat Assembly,,,,,,,,
189,SA-M687,HL Mountain Seat Assembly,,,,,,,,
190,SA-R127,LL Road Seat Assembly,,,,,,,,
191,SA-R430,ML Road Seat Assembly,,,,,,,,
192,SA-R522,HL Road Seat Assembly,,,,,,,,
193,SA-T467,LL Touring Seat Assembly,,,,,,,,
194,SA-T612,ML Touring Seat Assembly,,,,,,,,
195,SA-T872,HL Touring Seat Assembly,,,,,,,,
196,SD-2342,LL Spindle/Axle,,,,,,,,
197,SD-9872,HL Spindle/Axle,,,,,,,,
198,SH-4562,LL Shell,,,,,,,,
199,SH-9312,HL Shell,,,,,,,,
200,SK-9283,Spokes,,,,,,,,
201,SL-0931,Seat Lug,,,,,,,,
202,SM-9087,Stem,,,,,,,,
203,SP-2981,Seat Post,,,,,,,,
204,SR-2098,Steerer,,,,,,,,
205,SS-2985,Seat Stays,,,,,,,,
206,ST-9828,Seat Tube,,,,,,,,
207,TO-2301,Top Tube,,,,,,,,
208,TP-0923,Tension Pulley,,,,,,,,
209,RC-0291,Rear Derailleur Cage,,,,,,,,
210,FR-R92B-58,"HL Road Frame - Black, 58",,,14,,,,,
211,FR-R92R-58,"HL Road Frame - Red, 58",,,14,,,,,
214,HL-U509-R,"Sport-100 Helmet, Red",35,13.0863,31,34.99,20.994,,,
217,HL-U509,"Sport-100 Helmet, Black",35,13.0863,31,34.99,20.994,,,
222,HL-U509-B,"Sport-100 Helmet, Blue",35,13.0863,31,34.99,20.994,,,
225,CA-1098,AWC Logo Cap,9,6.9223,19,8.99,5.394,,,
228,LJ-0192-S,"Long-Sleeve Logo Jersey, S",50,38.4923,21,49.99,29.994,,,
231,LJ-0192-M,"Long-Sleeve Logo Jersey, M",50,38.4923,21,49.99,29.994,,,
234,LJ-0192-L,"Long-Sleeve Logo Jersey, L",50,38.4923,21,49.99,29.994,,,
237,LJ-0192-X,"Long-Sleeve Logo Jersey, XL",50,38.4923,21,49.99,29.994,,,
310,BK-R93R-62,"Road-150 Red, 62",3578,2171.2942,2,3578.27,2146.962,,,
311,BK-R93R-44,"Road-150 Red, 44",3578,2171.2942,2,3578.27,2146.962,,,
312,BK-R93R-48,"Road-150 Red, 48",3578,2171.2942,2,3578.27,2146.962,,,
313,BK-R93R-52,"Road-150 Red, 52",3578,2171.2942,2,3578.27,2146.962,,,
314,BK-R93R-56,"Road-150 Red, 56",3578,2171.2942,2,3578.27,2146.962,,,
320,BK-R50R-58,"Road-650 Red, 58",699,413.1463,2,699.0982,419.4589,,,
321,BK-R50R-58,"Road-650 Red, 58",783,486.7066,2,782.99,469.794,,,
322,BK-R50R-60,"Road-650 Red, 60",699,413.1463,2,699.0982,419.4589,,,
323,BK-R50R-60,"Road-650 Red, 60",783,486.7066,2,782.99,469.794,,,
324,BK-R50R-62,"Road-650 Red, 62",699,413.1463,2,699.0982,419.4589,,,
325,BK-R50R-62,"Road-650 Red, 62",783,486.7066,2,782.99,469.794,,,
326,BK-R50R-44,"Road-650 Red, 44",699,413.1463,2,699.0982,419.4589,,,
327,BK-R50R-44,"Road-650 Red, 44",783,486.7066,2,782.99,469.794,,,
328,BK-R50R-48,"Road-650 Red, 48",699,413.1463,2,699.0982,419.4589,,,
329,BK-R50R-48,"Road-650 Red, 48",783,486.7066,2,782.99,469.794,,,
330,BK-R50R-52,"Road-650 Red, 52",699,413.1463,2,699.0982,419.4589,,,
331,BK-R50R-52,"Road-650 Red, 52",783,486.7066,2,782.99,469.794,,,
332,BK-R50B-58,"Road-650 Black, 58",699,413.1463,2,699.0982,419.4589,,,
333,BK-R50B-58,"Road-650 Black, 58",783,486.7066,2,782.99,469.794,,,
334,BK-R50B-60,"Road-650 Black, 60",699,413.1463,2,699.0982,419.4589,,,
335,BK-R50B-60,"Road-650 Black, 60",783,486.7066,2,782.99,469.794,,,
336,BK-R50B-62,"Road-650 Black, 62",699,413.1463,2,699.0982,419.4589,,,
337,BK-R50B-62,"Road-650 Black, 62",783,486.7066,2,782.99,469.794,,,
338,BK-R50B-44,"Road-650 Black, 44",699,413.1463,2,699.0982,419.4589,,,
339,BK-R50B-44,"Road-650 Black, 44",783,486.7066,2,782.99,469.794,,,
340,BK-R50B-48,"Road-650 Black, 48",699,413.1463,2,699.0982,419.4589,,,
341,BK-R50B-48,"Road-650 Black, 48",783,486.7066,2,782.99,469.794,,,
342,BK-R50B-52,"Road-650 Black, 52",699,413.1463,2,699.0982,419.4589,,,
343,BK-R50B-52,"Road-650 Black, 52",783,486.7066,2,782.99,469.794,,,
344,BK-M82S-38,"Mountain-100 Silver, 38",3400,1912.1544,1,3399.99,2039.994,,,
345,BK-M82S-42,"Mountain-100 Silver, 42",3400,1912.1544,1,3399.99,2039.994,,,
346,BK-M82S-44,"Mountain-100 Silver, 44",3400,1912.1544,1,3399.99,2039.994,,,
347,BK-M82S-48,"Mountain-100 Silver, 48",3400,1912.1544,1,3399.99,2039.994,,,
348,BK-M82B-38,"Mountain-100 Black, 38",3375,1898.0944,1,3374.99,2024.994,,,
349,BK-M82B-42,"Mountain-100 Black, 42",3375,1898.0944,1,3374.99,2024.994,,,
350,BK-M82B-44,"Mountain-100 Black, 44",3375,1898.0944,1,3374.99,2024.994,,,
351,BK-M82B-48,"Mountain-100 Black, 48",3375,1898.0944,1,3374.99,2024.994,,,
352,BK-M68S-38,"Mountain-200 Silver, 38",2071,1117.8559,1,2071.4196,1242.8518,,,
353,BK-M68S-38,"Mountain-200 Silver, 38",2320,1265.6195,1,2319.99,1391.994,,,
354,BK-M68S-42,"Mountain-200 Silver, 42",2071,1117.8559,1,2071.4196,1242.8518,,,
355,BK-M68S-42,"Mountain-200 Silver, 42",2320,1265.6195,1,2319.99,1391.994,,,
356,BK-M68S-46,"Mountain-200 Silver, 46",2071,1117.8559,1,2071.4196,1242.8518,,,
357,BK-M68S-46,"Mountain-200 Silver, 46",2320,1265.6195,1,2319.99,1391.994,,,
358,BK-M68B-38,"Mountain-200 Black, 38",2049,1105.81,1,2049.0982,1229.4589,,,
359,BK-M68B-38,"Mountain-200 Black, 38",2295,1251.9813,1,2294.99,1376.994,,,
360,BK-M68B-42,"Mountain-200 Black, 42",2049,1105.81,1,2049.0982,1229.4589,,,
361,BK-M68B-42,"Mountain-200 Black, 42",2295,1251.9813,1,2294.99,1376.994,,,
362,BK-M68B-46,"Mountain-200 Black, 46",2049,1105.81,1,2049.0982,1229.4589,,,
363,BK-M68B-46,"Mountain-200 Black, 46",2295,1251.9813,1,2294.99,1376.994,,,
368,BK-R89R-44,"Road-250 Red, 44",2443,1518.7864,2,2443.35,1466.01,,,
369,BK-R89R-48,"Road-250 Red, 48",2443,1518.7864,2,2443.35,1466.01,,,
370,BK-R89R-52,"Road-250 Red, 52",2443,1518.7864,2,2443.35,1466.01,,,
371,BK-R89R-58,"Road-250 Red, 58",2182,1320.6838,2,2181.5625,1308.9375,,,
372,BK-R89R-58,"Road-250 Red, 58",2443,1554.9479,2,2443.35,1466.01,,,
373,BK-R89B-44,"Road-250 Black, 44",2182,1320.6838,2,2181.5625,1308.9375,,,
374,BK-R89B-44,"Road-250 Black, 44",2443,1554.9479,2,2443.35,1466.01,,,
375,BK-R89B-48,"Road-250 Black, 48",2182,1320.6838,2,2181.5625,1308.9375,,,
376,BK-R89B-48,"Road-250 Black, 48",2443,1554.9479,2,2443.35,1466.01,,,
377,BK-R89B-52,"Road-250 Black, 52",2182,1320.6838,2,2181.5625,1308.9375,,,
378,BK-R89B-52,"Road-250 Black, 52",2443,1554.9479,2,2443.35,1466.01,,,
379,BK-R89B-58,"Road-250 Black, 58",2182,1320.6838,2,2181.5625,1308.9375,,,
380,BK-R89B-58,"Road-250 Black, 58",2443,1554.9479,2,2443.35,1466.01,,,
381,BK-R64Y-38,"Road-550-W Yellow, 38",1000,605.6492,2,1000.4375,600.2625,,,
382,BK-R64Y-38,"Road-550-W Yellow, 38",1120,713.0798,2,1120.49,672.294,,,
383,BK-R64Y-40,"Road-550-W Yellow, 40",1000,605.6492,2,1000.4375,600.2625,,,
384,BK-R64Y-40,"Road-550-W Yellow, 40",1120,713.0798,2,1120.49,672.294,,,
385,BK-R64Y-42,"Road-550-W Yellow, 42",1000,605.6492,2,1000.4375,600.2625,,,
386,BK-R64Y-42,"Road-550-W Yellow, 42",1120,713.0798,2,1120.49,672.294,,,
387,BK-R64Y-44,"Road-550-W Yellow, 44",1000,605.6492,2,1000.4375,600.2625,,,
388,BK-R64Y-44,"Road-550-W Yellow, 44",1120,713.0798,2,1120.49,672.294,,,
389,BK-R64Y-48,"Road-550-W Yellow, 48",1000,605.6492,2,1000.4375,600.2625,,,
390,BK-R64Y-48,"Road-550-W Yellow, 48",1120,713.0798,2,1120.49,672.294,,,
463,GL-H102-S,"Half-Finger Gloves, S",24,9.1593,20,24.49,14.694,,,
465,GL-H102-M,"Half-Finger Gloves, M",24,9.1593,20,24.49,14.694,,,
467,GL-H102-L,"Half-Finger Gloves, L",24,9.1593,20,24.49,14.694,,,
471,VE-C304-S,"Classic Vest, S",64,23.749,25,63.5,38.1,,,
472,VE-C304-M,"Classic Vest, M",64,23.749,25,63.5,38.1,,,
473,VE-C304-L,"Classic Vest, L",64,23.749,25,63.5,38.1,,,
474,SH-W890-S,"Women's Mountain Shorts, S",70,26.1763,22,69.99,41.994,,,
475,SH-W890-M,"Women's Mountain Shorts, M",70,26.1763,22,69.99,41.994,,,
476,SH-W890-L,"Women's Mountain Shorts, L",70,26.1763,22,69.99,41.994,,,
477,WB-H098,Water Bottle - 30 oz.,5,1.8663,28,4.99,2.994,,,
478,BC-M005,Mountain Bottle Cage,10,3.7363,28,9.99,5.994,,,
479,BC-R205,Road Bottle Cage,9,3.3623,28,8.99,5.394,,,
480,PK-7098,Patch Kit/8 Patches,2,0.8565,37,2.29,1.374,,,
481,SO-R809-M,"Racing Socks, M",9,3.3623,23,8.99,5.394,,,
482,SO-R809-L,"Racing Socks, L",9,3.3623,23,8.99,5.394,,,
483,RA-H123,Hitch Rack - 4-Bike,120,44.88,26,120,72,,,
484,CL-9009,Bike Wash - Dissolver,8,2.9733,29,7.95,4.77,,,
485,FE-6654,Fender Set - Mountain,22,8.2205,30,21.98,13.188,,,
486,ST-1401,All-Purpose Bike Stand,159,59.466,27,159,95.4,,,
487,HY-1023-70,Hydration Pack - 70 oz.,55,20.5663,32,54.99,32.994,,,
488,SJ-0194-S,"Short-Sleeve Classic Jersey, S",54,41.5723,21,53.99,32.394,,,
489,SJ-0194-M,"Short-Sleeve Classic Jersey, M",54,41.5723,21,53.99,32.394,,,
490,SJ-0194-L,"Short-Sleeve Classic Jersey, L",54,41.5723,21,53.99,32.394,,,
491,SJ-0194-X,"Short-Sleeve Classic Jersey, XL",54,41.5723,21,53.99,32.394,,,
528,TT-M928,Mountain Tire Tube,5,1.8663,37,4.99,2.994,,,
529,TT-R982,Road Tire Tube,4,1.4923,37,3.99,2.394,,,
530,TT-T092,Touring Tire Tube,5,1.8663,37,4.99,2.994,,,
535,TI-M267,LL Mountain Tire,25,9.3463,37,24.99,14.994,,,
536,TI-M602,ML Mountain Tire,30,11.2163,37,29.99,17.994,,,
537,TI-M823,HL Mountain Tire,35,13.09,37,35,21,,,
538,TI-R092,LL Road Tire,21,8.0373,37,21.49,12.894,,,
539,TI-R628,ML Road Tire,25,9.3463,37,24.99,14.994,,,
540,TI-R982,HL Road Tire,33,12.1924,37,32.6,19.56,,,
541,TI-T723,Touring Tire,29,10.8423,37,28.99,17.394,,,
560,BK-T44U-60,"Touring-2000 Blue, 60",1215,755.1508,3,1214.85,728.91,,,
561,BK-T79Y-46,"Touring-1000 Yellow, 46",2384,1481.9379,3,2384.07,1430.442,,,
562,BK-T79Y-50,"Touring-1000 Yellow, 50",2384,1481.9379,3,2384.07,1430.442,,,
563,BK-T79Y-54,"Touring-1000 Yellow, 54",2384,1481.9379,3,2384.07,1430.442,,,
564,BK-T79Y-60,"Touring-1000 Yellow, 60",2384,1481.9379,3,2384.07,1430.442,,,
565,BK-T18U-54,"Touring-3000 Blue, 54",742,461.4448,3,742.35,445.41,,,
566,BK-T18U-58,"Touring-3000 Blue, 58",742,461.4448,3,742.35,445.41,,,
567,BK-T18U-62,"Touring-3000 Blue, 62",742,461.4448,3,742.35,445.41,,,
568,BK-T18Y-44,"Touring-3000 Yellow, 44",742,461.4448,3,742.35,445.41,,,
569,BK-T18Y-50,"Touring-3000 Yellow, 50",742,461.4448,3,742.35,445.41,,,
570,BK-T18Y-54,"Touring-3000 Yellow, 54",742,461.4448,3,742.35,445.41,,,
571,BK-T18Y-58,"Touring-3000 Yellow, 58",742,461.4448,3,742.35,445.41,,,
572,BK-T18Y-62,"Touring-3000 Yellow, 62",742,461.4448,3,742.35,445.41,,,
573,BK-T79U-46,"Touring-1000 Blue, 46",2384,1481.9379,3,2384.07,1430.442,,,
574,BK-T79U-50,"Touring-1000 Blue, 50",2384,1481.9379,3,2384.07,1430.442,,,
575,BK-T79U-54,"Touring-1000 Blue, 54",2384,1481.9379,3,2384.07,1430.442,,,
576,BK-T79U-60,"Touring-1000 Blue, 60",2384,1481.9379,3,2384.07,1430.442,,,
577,BK-T44U-46,"Touring-2000 Blue, 46",1215,755.1508,3,1214.85,728.91,,,
578,BK-T44U-50,"Touring-2000 Blue, 50",1215,755.1508,3,1214.85,728.91,,,
579,BK-T44U-54,"Touring-2000 Blue, 54",1215,755.1508,3,1214.85,728.91,,,
580,BK-R79Y-40,"Road-350-W Yellow, 40",1701,1082.51,2,1700.99,1020.594,,,
581,BK-R79Y-42,"Road-350-W Yellow, 42",1701,1082.51,2,1700.99,1020.594,,,
582,BK-R79Y-44,"Road-350-W Yellow, 44",1701,1082.51,2,1700.99,1020.594,,,
583,BK-R79Y-48,"Road-350-W Yellow, 48",1701,1082.51,2,1700.99,1020.594,,,
584,BK-R19B-58,"Road-750 Black, 58",540,343.6496,2,539.99,323.994,,,
585,BK-T18U-44,"Touring-3000 Blue, 44",742,461.4448,3,742.35,445.41,,,
586,BK-T18U-50,"Touring-3000 Blue, 50",742,461.4448,3,742.35,445.41,,,
587,BK-M38S-38,"Mountain-400-W Silver, 38",769,419.7784,1,769.49,461.694,,,
588,BK-M38S-40,"Mountain-400-W Silver, 40",769,419.7784,1,769.49,461.694,,,
589,BK-M38S-42,"Mountain-400-W Silver, 42",769,419.7784,1,769.49,461.694,,,
590,BK-M38S-46,"Mountain-400-W Silver, 46",769,419.7784,1,769.49,461.694,,,
591,BK-M18S-40,"Mountain-500 Silver, 40",565,308.2179,1,564.99,338.994,,,
592,BK-M18S-42,"Mountain-500 Silver, 42",565,308.2179,1,564.99,338.994,,,
593,BK-M18S-44,"Mountain-500 Silver, 44",565,308.2179,1,564.99,338.994,,,
594,BK-M18S-48,"Mountain-500 Silver, 48",565,308.2179,1,564.99,338.994,,,
595,BK-M18S-52,"Mountain-500 Silver, 52",565,308.2179,1,564.99,338.994,,,
596,BK-M18B-40,"Mountain-500 Black, 40",540,294.5797,1,539.99,323.994,,,
597,BK-M18B-42,"Mountain-500 Black, 42",540,294.5797,1,539.99,323.994,,,
598,BK-M18B-44,"Mountain-500 Black, 44",540,294.5797,1,539.99,323.994,,,
599,BK-M18B-48,"Mountain-500 Black, 48",540,294.5797,1,539.99,323.994,,,
600,BK-M18B-52,"Mountain-500 Black, 52",540,294.5797,1,539.99,323.994,,,
604,BK-R19B-44,"Road-750 Black, 44",540,343.6496,2,539.99,323.994,,,
605,BK-R19B-48,"Road-750 Black, 48",540,343.6496,2,539.99,323.994,,,
606,BK-R19B-52,"Road-750 Black, 52",540,343.6496,2,539.99,323.994,,,
212,HL-U509-R,"Sport-100 Helmet, Red",,12.0278,31,33.6442,20.1865,,,
213,HL-U509-R,"Sport-100 Helmet, Red",,13.8782,31,33.6442,20.1865,,,
215,HL-U509,"Sport-100 Helmet, Black",,12.0278,31,33.6442,20.1865,,,
216,HL-U509,"Sport-100 Helmet, Black",,13.8782,31,33.6442,20.1865,,,
218,SO-B909-M,"Mountain Bike Socks, M",,3.3963,23,9.5,5.7,,,
219,SO-B909-L,"Mountain Bike Socks, L",,3.3963,23,9.5,5.7,,,
220,HL-U509-B,"Sport-100 Helmet, Blue",,12.0278,31,33.6442,20.1865,,,
221,HL-U509-B,"Sport-100 Helmet, Blue",,13.8782,31,33.6442,20.1865,,,
223,CA-1098,AWC Logo Cap,,5.7052,19,8.6442,5.1865,,,
224,CA-1098,AWC Logo Cap,,5.2297,19,8.6442,5.1865,,,
226,LJ-0192-S,"Long-Sleeve Logo Jersey, S",,31.7244,21,48.0673,28.8404,,,
227,LJ-0192-S,"Long-Sleeve Logo Jersey, S",,29.0807,21,48.0673,28.8404,,,
229,LJ-0192-M,"Long-Sleeve Logo Jersey, M",,31.7244,21,48.0673,28.8404,,,
230,LJ-0192-M,"Long-Sleeve Logo Jersey, M",,29.0807,21,48.0673,28.8404,,,
232,LJ-0192-L,"Long-Sleeve Logo Jersey, L",,31.7244,21,48.0673,28.8404,,,
233,LJ-0192-L,"Long-Sleeve Logo Jersey, L",,29.0807,21,48.0673,28.8404,,,
235,LJ-0192-X,"Long-Sleeve Logo Jersey, XL",,31.7244,21,48.0673,28.8404,,,
236,LJ-0192-X,"Long-Sleeve Logo Jersey, XL",,29.0807,21,48.0673,28.8404,,,
288,FR-M94S-42,"HL Mountain Frame - Silver, 42",,623.8403,12,1204.3248,722.5949,,,
289,FR-M94S-42,"HL Mountain Frame - Silver, 42",,660.9142,12,1240.4545,744.2727,,,
290,FR-M94S-42,"HL Mountain Frame - Silver, 42",,747.2002,12,1364.5,818.7,,,
291,FR-M94S-44,"HL Mountain Frame - Silver, 44",,706.811,12,1364.5,818.7,,,
292,FR-M94S-52,"HL Mountain Frame - Silver, 48",,706.811,12,1364.5,818.7,,,
293,FR-M94S-46,"HL Mountain Frame - Silver, 46",,623.8403,12,1204.3248,722.5949,,,
294,FR-M94S-46,"HL Mountain Frame - Silver, 46",,660.9142,12,1240.4545,744.2727,,,
295,FR-M94S-46,"HL Mountain Frame - Silver, 46",,747.2002,12,1364.5,818.7,,,
296,FR-M94B-42,"HL Mountain Frame - Black, 42",,617.0281,12,1191.1739,714.7043,,,
297,FR-M94B-42,"HL Mountain Frame - Black, 42",,653.6971,12,1226.9091,736.1455,,,
298,FR-M94B-42,"HL Mountain Frame - Black, 42",,739.041,12,1349.6,809.76,,,
299,FR-M94B-44,"HL Mountain Frame - Black, 44",,699.0928,12,1349.6,809.76,,,
300,FR-M94B-48,"HL Mountain Frame - Black, 48",,699.0928,12,1349.6,809.76,,,
301,FR-M94B-46,"HL Mountain Frame - Black, 46",,617.0281,12,1191.1739,714.7043,,,
302,FR-M94B-46,"HL Mountain Frame - Black, 46",,653.6971,12,1226.9091,736.1455,,,
303,FR-M94B-46,"HL Mountain Frame - Black, 46",,739.041,12,1349.6,809.76,,,
304,FR-M94B-38,"HL Mountain Frame - Black, 38",,617.0281,12,1191.1739,714.7043,,,
305,FR-M94B-38,"HL Mountain Frame - Black, 38",,653.6971,12,1226.9091,736.1455,,,
306,FR-M94B-38,"HL Mountain Frame - Black, 38",,739.041,12,1349.6,809.76,,,
307,FR-M94S-38,"HL Mountain Frame - Silver, 38",,623.8403,12,1204.3248,722.5949,,,
308,FR-M94S-38,"HL Mountain Frame - Silver, 38",,660.9142,12,1240.4545,744.2727,,,
309,FR-M94S-38,"HL Mountain Frame - Silver, 38",,747.2002,12,1364.5,818.7,,,
315,BK-R68R-58,"Road-450 Red, 58",,884.7083,2,1457.99,874.794,,,
316,BK-R68R-60,"Road-450 Red, 60",,884.7083,2,1457.99,874.794,,,
317,BK-R68R-44,"Road-450 Red, 44",,884.7083,2,1457.99,874.794,,,
318,BK-R68R-48,"Road-450 Red, 48",,884.7083,2,1457.99,874.794,,,
319,BK-R68R-52,"Road-450 Red, 52",,884.7083,2,1457.99,874.794,,,
364,BK-M47B-38,"Mountain-300 Black, 38",,598.4354,1,1079.99,647.994,,,
365,BK-M47B-40,"Mountain-300 Black, 40",,598.4354,1,1079.99,647.994,,,
366,BK-M47B-44,"Mountain-300 Black, 44",,598.4354,1,1079.99,647.994,,,
367,BK-M47B-48,"Mountain-300 Black, 48",,598.4354,1,1079.99,647.994,,,
391,FK-1639,LL Fork,,65.8097,10,148.22,88.932,,,
392,FK-5136,ML Fork,,77.9176,10,175.49,105.294,,,
393,FK-9939,HL Fork,,101.8936,10,229.49,137.694,,,
394,HS-0296,LL Headset,,15.1848,11,34.2,20.52,,,
395,HS-2451,ML Headset,,45.4168,11,102.29,61.374,,,
396,HS-3479,HL Headset,,55.3801,11,124.73,74.838,,,
397,HB-M243,LL Mountain Handlebars,,17.978,4,40.4909,24.2945,,,
398,HB-M243,LL Mountain Handlebars,,19.7758,4,44.54,26.724,,,
399,HB-M763,ML Mountain Handlebars,,24.9932,4,56.2909,33.7745,,,
400,HB-M763,ML Mountain Handlebars,,27.4925,4,61.92,37.152,,,
401,HB-M918,HL Mountain Handlebars,,48.5453,4,109.3364,65.6018,,,
402,HB-M918,HL Mountain Handlebars,,53.3999,4,120.27,72.162,,,
403,HB-R504,LL Road Handlebars,,17.978,4,40.4909,24.2945,,,
404,HB-R504,LL Road Handlebars,,19.7758,4,44.54,26.724,,,
405,HB-R720,ML Road Handlebars,,24.9932,4,56.2909,33.7745,,,
406,HB-R720,ML Road Handlebars,,27.4925,4,61.92,37.152,,,
407,HB-R956,HL Road Handlebars,,48.5453,4,109.3364,65.6018,,,
408,HB-R956,HL Road Handlebars,,53.3999,4,120.27,72.162,,,
409,FR-M63B-38,"ML Mountain Frame - Black, 38",,185.8193,12,348.76,209.256,,,
410,FW-M423,LL Mountain Front Wheel,,26.9708,17,60.745,36.447,,,
411,FW-M762,ML Mountain Front Wheel,,92.8071,17,209.025,125.415,,,
412,FW-M928,HL Mountain Front Wheel,,133.2955,17,300.215,180.129,,,
413,FW-R623,LL Road Front Wheel,,37.9909,17,85.565,51.339,,,
414,FW-R762,ML Road Front Wheel,,110.2829,17,248.385,149.031,,,
415,FW-R820,HL Road Front Wheel,,146.5466,17,330.06,198.036,,,
416,FW-T905,Touring Front Wheel,,96.7964,17,218.01,130.806,,,
419,RW-M423,LL Mountain Rear Wheel,,38.9588,17,87.745,52.647,,,
420,RW-M762,ML Mountain Rear Wheel,,104.7951,17,236.025,141.615,,,
421,RW-M928,HL Mountain Rear Wheel,,145.2835,17,327.215,196.329,,,
422,RW-R623,LL Road Rear Wheel,,49.9789,17,112.565,67.539,,,
423,RW-R762,ML Road Rear Wheel,,122.2709,17,275.385,165.231,,,
424,RW-R820,HL Road Rear Wheel,,158.5346,17,357.06,214.236,,,
425,RW-T905,Touring Rear Wheel,,108.7844,17,245.01,147.006,,,
426,FR-M63B-40,"ML Mountain Frame - Black, 40",,185.8193,12,348.76,209.256,,,
427,FR-M63B-44,"ML Mountain Frame - Black, 44",,185.8193,12,348.76,209.256,,,
428,FR-M63B-48,"ML Mountain Frame - Black, 48",,185.8193,12,348.76,209.256,,,
445,SH-M897-S,"Men's Sports Shorts, S",,24.7459,22,59.99,35.994,,,
446,PA-T100,"Touring-Panniers, Large",,51.5625,35,125,75,,,
447,LO-C100,Cable Lock,,10.3125,34,25,15,,,
448,PU-0452,Minipump,,8.2459,36,19.99,11.994,,,
449,PU-M044,Mountain Pump,,10.3084,36,24.99,14.994,,,
450,LT-T990,Taillights - Battery-Powered,,5.7709,33,13.99,8.394,,,
451,LT-H902,Headlights - Dual-Beam,,14.4334,33,34.99,20.994,,,
452,LT-H903,Headlights - Weatherproof,,18.5584,33,44.99,26.994,,,
453,SH-M897-M,"Men's Sports Shorts, M",,24.7459,22,59.99,35.994,,,
454,SH-M897-L,"Men's Sports Shorts, L",,24.7459,22,59.99,35.994,,,
455,SH-M897-X,"Men's Sports Shorts, XL",,24.7459,22,59.99,35.994,,,
456,TG-W091-S,"Women's Tights, S",,30.9334,24,74.99,44.994,,,
457,TG-W091-M,"Women's Tights, M",,30.9334,24,74.99,44.994,,,
458,TG-W091-L,"Women's Tights, L",,30.9334,24,74.99,44.994,,,
459,SB-M891-S,"Men's Bib-Shorts, S",,37.1209,18,89.99,53.994,,,
460,SB-M891-M,"Men's Bib-Shorts, M",,37.1209,18,89.99,53.994,,,
461,SB-M891-L,"Men's Bib-Shorts, L",,37.1209,18,89.99,53.994,,,
462,GL-H102-S,"Half-Finger Gloves, S",,9.7136,20,23.5481,14.1289,,,
464,GL-H102-M,"Half-Finger Gloves, M",,9.7136,20,23.5481,14.1289,,,
466,GL-H102-L,"Half-Finger Gloves, L",,9.7136,20,23.5481,14.1289,,,
468,GL-F110-S,"Full-Finger Gloves, S",,15.6709,20,37.99,22.794,,,
469,GL-F110-M,"Full-Finger Gloves, M",,15.6709,20,37.99,22.794,,,
470,GL-F110-L,"Full-Finger Gloves, L",,15.6709,20,37.99,22.794,,,
492,FR-T98Y-60,"HL Touring Frame - Yellow, 60",,601.7437,16,1003.91,602.346,,,
493,FR-T67Y-62,"LL Touring Frame - Yellow, 62",,199.8519,16,333.42,200.052,,,
494,FR-T98Y-46,"HL Touring Frame - Yellow, 46",,601.7437,16,1003.91,602.346,,,
495,FR-T98Y-50,"HL Touring Frame - Yellow, 50",,601.7437,16,1003.91,602.346,,,
496,FR-T98Y-54,"HL Touring Frame - Yellow, 54",,601.7437,16,1003.91,602.346,,,
497,FR-T98U-46,"HL Touring Frame - Blue, 46",,601.7437,16,1003.91,602.346,,,
498,FR-T98U-50,"HL Touring Frame - Blue, 50",,601.7437,16,1003.91,602.346,,,
499,FR-T98U-54,"HL Touring Frame - Blue, 54",,601.7437,16,1003.91,602.346,,,
500,FR-T98U-60,"HL Touring Frame - Blue, 60",,601.7437,16,1003.91,602.346,,,
501,RD-2308,Rear Derailleur,,53.9282,9,121.46,72.876,,,
502,FR-T67U-50,"LL Touring Frame - Blue, 50",,199.8519,16,333.42,200.052,,,
503,FR-T67U-54,"LL Touring Frame - Blue, 54",,199.8519,16,333.42,200.052,,,
504,FR-T67U-58,"LL Touring Frame - Blue, 58",,199.8519,16,333.42,200.052,,,
505,FR-T67U-62,"LL Touring Frame - Blue, 62",,199.8519,16,333.42,200.052,,,
506,FR-T67Y-44,"LL Touring Frame - Yellow, 44",,199.8519,16,333.42,200.052,,,
507,FR-T67Y-50,"LL Touring Frame - Yellow, 50",,199.8519,16,333.42,200.052,,,
508,FR-T67Y-54,"LL Touring Frame - Yellow, 54",,199.8519,16,333.42,200.052,,,
509,FR-T67Y-58,"LL Touring Frame - Yellow, 58",,199.8519,16,333.42,200.052,,,
510,FR-T67U-44,"LL Touring Frame - Blue, 44",,199.8519,16,333.42,200.052,,,
511,FR-M63S-40,"ML Mountain Frame-W - Silver, 40",,199.3757,12,364.09,218.454,,,
512,FR-M63S-42,"ML Mountain Frame-W - Silver, 42",,199.3757,12,364.09,218.454,,,
513,FR-M63S-46,"ML Mountain Frame-W - Silver, 46",,199.3757,12,364.09,218.454,,,
514,RB-9231,Rear Brakes,,47.286,6,106.5,63.9,,,
515,SE-M236,LL Mountain Seat/Saddle,,12.0413,15,27.12,16.272,,,
516,SE-M798,ML Mountain Seat/Saddle,,17.3782,15,39.14,23.484,,,
517,SE-M940,HL Mountain Seat/Saddle,,23.3722,15,52.64,31.584,,,
518,SE-R581,LL Road Seat/Saddle,,12.0413,15,27.12,16.272,,,
519,SE-R908,ML Road Seat/Saddle,,17.3782,15,39.14,23.484,,,
520,SE-R995,HL Road Seat/Saddle,,23.3722,15,52.64,31.584,,,
521,SE-T312,LL Touring Seat/Saddle,,12.0413,15,27.12,16.272,,,
522,SE-T762,ML Touring Seat/Saddle,,17.3782,15,39.14,23.484,,,
523,SE-T924,HL Touring Seat/Saddle,,23.3722,15,52.64,31.584,,,
524,FR-M21S-42,"LL Mountain Frame - Silver, 42",,144.5938,12,264.05,158.43,,,
525,FR-M21S-44,"LL Mountain Frame - Silver, 44",,144.5938,12,264.05,158.43,,,
526,FR-M21S-48,"LL Mountain Frame - Silver, 48",,144.5938,12,264.05,158.43,,,
527,FR-M21S-52,"LL Mountain Frame - Silver, 52",,144.5938,12,264.05,158.43,,,
531,FR-M21B-42,"LL Mountain Frame - Black, 42",,136.785,12,249.79,149.874,,,
532,FR-M21B-44,"LL Mountain Frame - Black, 44",,136.785,12,249.79,149.874,,,
533,FR-M21B-48,"LL Mountain Frame - Black, 48",,136.785,12,249.79,149.874,,,
534,FR-M21B-52,"LL Mountain Frame - Black, 52",,136.785,12,249.79,149.874,,,
542,PD-M282,LL Mountain Pedal,,17.9776,13,40.49,24.294,,,
543,PD-M340,ML Mountain Pedal,,27.568,13,62.09,37.254,,,
544,PD-M562,HL Mountain Pedal,,35.9596,13,80.99,48.594,,,
545,PD-R347,LL Road Pedal,,17.9776,13,40.49,24.294,,,
546,PD-R563,ML Road Pedal,,27.568,13,62.09,37.254,,,
547,PD-R853,HL Road Pedal,,35.9596,13,80.99,48.594,,,
548,PD-T852,Touring Pedal,,35.9596,13,80.99,48.594,,,
549,FR-M63S-38,"ML Mountain Frame-W - Silver, 38",,199.3757,12,364.09,218.454,,,
550,FR-M21B-40,"LL Mountain Frame - Black, 40",,136.785,12,249.79,149.874,,,
551,FR-M21S-40,"LL Mountain Frame - Silver, 40",,144.5938,12,264.05,158.43,,,
552,FD-2342,Front Derailleur,,40.6216,9,91.49,54.894,,,
553,HB-T721,LL Touring Handlebars,,20.464,4,46.09,27.654,,,
554,HB-T928,HL Touring Handlebars,,40.6571,4,91.57,54.942,,,
555,FB-9873,Front Brakes,,47.286,6,106.5,63.9,,,
556,CS-4759,LL Crankset,,77.9176,8,175.49,105.294,,,
557,CS-6583,ML Crankset,,113.8816,8,256.49,153.894,,,
558,CS-9183,HL Crankset,,179.8156,8,404.99,242.994,,,
559,CH-0234,Chain,,8.9866,7,20.24,12.144,,,
601,BB-7421,LL Bottom Bracket,,23.9716,5,53.99,32.394,,,
602,BB-8107,ML Bottom Bracket,,44.9506,5,101.24,60.744,,,
603,BB-9108,HL Bottom Bracket,,53.9416,5,121.49,72.894,,,
238,FR-R92R-62,"HL Road Frame - Red, 62",,747.9682,14,1263.4598,758.0759,,,
239,FR-R92R-62,"HL Road Frame - Red, 62",,722.2568,14,1301.3636,780.8182,,,
240,FR-R92R-62,"HL Road Frame - Red, 62",,868.6342,14,1431.5,858.9,,,
241,FR-R92R-44,"HL Road Frame - Red, 44",,747.9682,14,1263.4598,758.0759,,,
242,FR-R92R-44,"HL Road Frame - Red, 44",,722.2568,14,1301.3636,780.8182,,,
243,FR-R92R-44,"HL Road Frame - Red, 44",,868.6342,14,1431.5,858.9,,,
244,FR-R92R-48,"HL Road Frame - Red, 48",,747.9682,14,1263.4598,758.0759,,,
245,FR-R92R-48,"HL Road Frame - Red, 48",,722.2568,14,1301.3636,780.8182,,,
246,FR-R92R-48,"HL Road Frame - Red, 48",,868.6342,14,1431.5,858.9,,,
247,FR-R92R-52,"HL Road Frame - Red, 52",,747.9682,14,1263.4598,758.0759,,,
248,FR-R92R-52,"HL Road Frame - Red, 52",,722.2568,14,1301.3636,780.8182,,,
249,FR-R92R-52,"HL Road Frame - Red, 52",,868.6342,14,1431.5,858.9,,,
250,FR-R92R-56,"HL Road Frame - Red, 56",,747.9682,14,1263.4598,758.0759,,,
251,FR-R92R-56,"HL Road Frame - Red, 56",,722.2568,14,1301.3636,780.8182,,,
252,FR-R92R-56,"HL Road Frame - Red, 56",,868.6342,14,1431.5,858.9,,,
253,FR-R38B-58,"LL Road Frame - Black, 58",,176.1997,14,297.6346,178.5808,,,
254,FR-R38B-58,"LL Road Frame - Black, 58",,170.1428,14,306.5636,183.9382,,,
255,FR-R38B-58,"LL Road Frame - Black, 58",,204.6251,14,337.22,202.332,,,
256,FR-R38B-60,"LL Road Frame - Black, 60",,176.1997,14,297.6346,178.5808,,,
257,FR-R38B-60,"LL Road Frame - Black, 60",,170.1428,14,306.5636,183.9382,,,
258,FR-R38B-60,"LL Road Frame - Black, 60",,204.6251,14,337.22,202.332,,,
259,FR-R38B-62,"LL Road Frame - Black, 62",,176.1997,14,297.6346,178.5808,,,
260,FR-R38B-62,"LL Road Frame - Black, 62",,170.1428,14,306.5636,183.9382,,,
261,FR-R38B-62,"LL Road Frame - Black, 62",,204.6251,14,337.22,202.332,,,
262,FR-R38R-44,"LL Road Frame - Red, 44",,181.4857,14,306.5636,183.9382,,,
263,FR-R38R-44,"LL Road Frame - Red, 44",,187.1571,14,337.22,202.332,,,
264,FR-R38R-48,"LL Road Frame - Red, 48",,181.4857,14,306.5636,183.9382,,,
265,FR-R38R-48,"LL Road Frame - Red, 48",,187.1571,14,337.22,202.332,,,
266,FR-R38R-52,"LL Road Frame - Red, 52",,181.4857,14,306.5636,183.9382,,,
267,FR-R38R-52,"LL Road Frame - Red, 52",,187.1571,14,337.22,202.332,,,
268,FR-R38R-58,"LL Road Frame - Red, 58",,181.4857,14,306.5636,183.9382,,,
269,FR-R38R-58,"LL Road Frame - Red, 58",,187.1571,14,337.22,202.332,,,
270,FR-R38R-60,"LL Road Frame - Red, 60",,181.4857,14,306.5636,183.9382,,,
271,FR-R38R-60,"LL Road Frame - Red, 60",,187.1571,14,337.22,202.332,,,
272,FR-R38R-62,"LL Road Frame - Red, 62",,181.4857,14,306.5636,183.9382,,,
273,FR-R38R-62,"LL Road Frame - Red, 62",,187.1571,14,337.22,202.332,,,
274,FR-R72R-44,"ML Road Frame - Red, 44",,352.1394,14,594.83,356.898,,,
275,FR-R72R-48,"ML Road Frame - Red, 48",,352.1394,14,594.83,356.898,,,
276,FR-R72R-52,"ML Road Frame - Red, 52",,352.1394,14,594.83,356.898,,,
277,FR-R72R-58,"ML Road Frame - Red, 58",,352.1394,14,594.83,356.898,,,
278,FR-R72R-60,"ML Road Frame - Red, 60",,352.1394,14,594.83,356.898,,,
279,FR-R38B-44,"LL Road Frame - Black, 44",,176.1997,14,297.6346,178.5808,,,
280,FR-R38B-44,"LL Road Frame - Black, 44",,170.1428,14,306.5636,183.9382,,,
281,FR-R38B-44,"LL Road Frame - Black, 44",,204.6251,14,337.22,202.332,,,
282,FR-R38B-48,"LL Road Frame - Black, 48",,176.1997,14,297.6346,178.5808,,,
283,FR-R38B-48,"LL Road Frame - Black, 48",,170.1428,14,306.5636,183.9382,,,
284,FR-R38B-48,"LL Road Frame - Black, 48",,204.6251,14,337.22,202.332,,,
285,FR-R38B-52,"LL Road Frame - Black, 52",,176.1997,14,297.6346,178.5808,,,
286,FR-R38B-52,"LL Road Frame - Black, 52",,170.1428,14,306.5636,183.9382,,,
287,FR-R38B-52,"LL Road Frame - Black, 52",,204.6251,14,337.22,202.332,,,
417,FR-R72Y-38,"ML Road Frame-W - Yellow, 38",,300.1188,14,540.7545,324.4527,,,
418,FR-R72Y-38,"ML Road Frame-W - Yellow, 38",,360.9428,14,594.83,356.898,,,
429,FR-R72Y-40,"ML Road Frame-W - Yellow, 40",,300.1188,14,540.7545,324.4527,,,
430,FR-R72Y-40,"ML Road Frame-W - Yellow, 40",,360.9428,14,594.83,356.898,,,
431,FR-R72Y-42,"ML Road Frame-W - Yellow, 42",,300.1188,14,540.7545,324.4527,,,
432,FR-R72Y-42,"ML Road Frame-W - Yellow, 42",,360.9428,14,594.83,356.898,,,
433,FR-R72Y-44,"ML Road Frame-W - Yellow, 44",,300.1188,14,540.7545,324.4527,,,
434,FR-R72Y-44,"ML Road Frame-W - Yellow, 44",,360.9428,14,594.83,356.898,,,
435,FR-R72Y-48,"ML Road Frame-W - Yellow, 48",,300.1188,14,540.7545,324.4527,,,
436,FR-R72Y-48,"ML Road Frame-W - Yellow, 48",,360.9428,14,594.83,356.898,,,
437,FR-R92B-62,"HL Road Frame - Black, 62",,722.2568,14,1301.3636,780.8182,,,
438,FR-R92B-62,"HL Road Frame - Black, 62",,868.6342,14,1431.5,858.9,,,
439,FR-R92B-44,"HL Road Frame - Black, 44",,722.2568,14,1301.3636,780.8182,,,
440,FR-R92B-44,"HL Road Frame - Black, 44",,868.6342,14,1431.5,858.9,,,
441,FR-R92B-48,"HL Road Frame - Black, 48",,722.2568,14,1301.3636,780.8182,,,
442,FR-R92B-48,"HL Road Frame - Black, 48",,868.6342,14,1431.5,858.9,,,
443,FR-R92B-52,"HL Road Frame - Black, 52",,722.2568,14,1301.3636,780.8182,,,
444,FR-R92B-52,"HL Road Frame - Black, 52",,868.6342,14,1431.5,858.9,,,
